Sprint,Fase,DescriÃ§Ã£o,Status,Backend,Frontend,Prioridade,Estimativa,ObservaÃ§Ãµes
1,FundaÃ§Ã£o,Docker & Infraestrutura,âœ… Completo,docker-compose.yml,-,-,-,HAPI FHIR + PostgreSQL + Keycloak
2,FundaÃ§Ã£o,Django Backend Setup,âœ… Completo,settings.py,-,-,-,DRF configurado
3,FundaÃ§Ã£o,React Frontend Setup,âœ… Completo,-,App.tsx,-,-,Vite + TypeScript
4,FundaÃ§Ã£o,Keycloak Auth,âœ… Completo,authentication.py,useAuth.ts,-,-,JWT tokens
5,FundaÃ§Ã£o,Patient CRUD,âœ… Completo,views_auth.py,PatientList.tsx,-,-,FHIR Patient
6,ClÃ­nico,Practitioner/Organization,âœ… Completo,views_practitioners.py,PractitionerWorkspace.tsx,-,-,GestÃ£o profissionais
7,ClÃ­nico,Encounter,âœ… Completo,views_auth.py,InternmentWorkspace.tsx,-,-,Atendimentos
8,ClÃ­nico,Observation,âœ… Completo,views_auth.py,VitalSignsCard.tsx,-,-,Sinais vitais
9,ClÃ­nico,Condition/Allergy,âœ… Completo,views_auth.py,PatientDetail.tsx,-,-,Problemas e alergias
10,ClÃ­nico,MedicationRequest,âœ… Completo,views_medication.py,PrescriptionCard.tsx,-,-,PrescriÃ§Ãµes
11,AvanÃ§ado,Immunization,âœ… Completo,views_clinical.py,ImmunizationWorkspace.tsx,-,-,Vacinas
12,AvanÃ§ado,Procedure,âœ… Completo,views_procedure.py,-,-,-,Procedimentos
13,AvanÃ§ado,DiagnosticReport,âœ… Completo,views_diagnostic_report.py,DiagnosticResultWorkspace.tsx,-,-,Laudos
14,AvanÃ§ado,DocumentReference,âœ… Completo,views_documents.py,DocumentsWorkspace.tsx,-,-,Upload docs
15,AvanÃ§ado,Appointment,âœ… Completo,views_auth.py,SchedulingWorkspace.tsx,-,-,Agendamento
16,Brasil,TISS/ANS,âœ… Completo,views_tiss.py + tiss_service.py,TISSWorkspace.tsx,-,-,Guias faturamento
17,Brasil,RNDS,âœ… Completo,views_rnds.py + rnds_service.py,RNDSStatus.tsx,-,-,Rede Nacional
18,Brasil,CBO,âœ… Completo,views_cbo.py + cbo_service.py,CBOSelector.tsx,-,-,ClassificaÃ§Ã£o ocupaÃ§Ãµes
19,Brasil,Assinatura ICP,âœ… Completo,digital_signature.py,-,-,-,Assinatura digital
20,Brasil,NotificaÃ§Ãµes CompulsÃ³rias,âœ… Completo,views_notifications.py,NotificationsPanel.tsx,-,-,DoenÃ§as notificaÃ§Ã£o
21,Performance,Terminologia,âœ… Completo,views_terminology.py,-,-,-,ValueSet/CodeSystem
22,Performance,Bulk Data Export,âœ… Completo,views_bulk_data.py,-,-,-,NDJSON export
23,Performance,LGPD,âœ… Completo,views_lgpd.py,LGPDDashboard.tsx,-,-,Consent/anonimizaÃ§Ã£o
24,Performance,Audit,âœ… Completo,views_audit_event.py,AuditLogWorkspace.tsx,-,-,Logs auditoria
25,Performance,Lazy Loading,âœ… Completo,-,routes.tsx,-,-,Code splitting
26,Mobile,Expo App,âœ… Completo,-,mobile-app/,-,-,React Native
-,Pendente,FIX: Dados nÃ£o carregando,â³ Pendente,verificar proxy,verificar fetch,ğŸ”´ Alta,2h,INVESTIGAR
-,Pendente,Tratamento erros API,â³ Pendente,error handlers,error states,ğŸ”´ Alta,2h,Feedback usuÃ¡rio
-,Pendente,ValidaÃ§Ã£o CPF real,â³ Pendente,validators.py,form validation,ğŸ”´ Alta,1h,Algoritmo validaÃ§Ã£o
-,Pendente,Testes E2E,â³ Pendente,pytest,Cypress/Playwright,ğŸŸ¡ MÃ©dia,4h,Cobertura completa
-,Pendente,InternacionalizaÃ§Ã£o,â³ Pendente,-,i18n setup,ğŸŸ¡ MÃ©dia,3h,EN/ES
-,Pendente,Export PDF,â³ Pendente,reportlab,react-pdf,ğŸŸ¡ MÃ©dia,3h,Documentos
-,Pendente,Print layouts,â³ Pendente,-,@media print,ğŸŸ¡ MÃ©dia,2h,ImpressÃ£o
-,Pendente,Dashboard relatÃ³rios,â³ Pendente,views_reports.py,ReportsWorkspace.tsx,ğŸŸ¡ MÃ©dia,4h,Analytics
-,Pendente,Dark mode polish,â³ Pendente,-,theme.css,ğŸŸ¢ Baixa,2h,Ajustar cores
-,Pendente,Acessibilidade WCAG,â³ Pendente,-,aria labels,ğŸŸ¢ Baixa,4h,Compliance
-,Pendente,DocumentaÃ§Ã£o API,â³ Pendente,drf-spectacular,-,ğŸŸ¢ Baixa,3h,Swagger/OpenAPI
-,Pendente,Onboarding tour,â³ Pendente,-,react-joyride,ğŸŸ¢ Baixa,3h,Tutorial
